URLs,Focus keyword,Meta Title,Meta Description 
https://docs.dyte.io/android-core/tags,Tag - Need to add no-index tag,,
https://docs.dyte.io/android-core/tags/android-core,Tag - Need to add no-index tag,,
https://docs.dyte.io/android-core/tags/chat,Tag - Need to add no-index tag,,
https://docs.dyte.io/android-core/tags/connection-events,Tag - Need to add no-index tag,,
https://docs.dyte.io/android-core/tags/create,Tag - Need to add no-index tag,,
https://docs.dyte.io/android-core/tags/flutter-core,Tag - Need to add no-index tag,,
https://docs.dyte.io/android-core/tags/livestream,Tag - Need to add no-index tag,,
https://docs.dyte.io/android-core/tags/local-user,Tag - Need to add no-index tag,,
https://docs.dyte.io/android-core/tags/mobile-core,Tag - Need to add no-index tag,,
https://docs.dyte.io/android-core/tags/participant,Tag - Need to add no-index tag,,
https://docs.dyte.io/android-core/tags/participants,Tag - Need to add no-index tag,,
https://docs.dyte.io/android-core/tags/plugins,Tag - Need to add no-index tag,,
https://docs.dyte.io/android-core/tags/polls,Tag - Need to add no-index tag,,
https://docs.dyte.io/android-core/tags/quickstart,Tag - Need to add no-index tag,,
https://docs.dyte.io/android-core/tags/reconnection,Tag - Need to add no-index tag,,
https://docs.dyte.io/android-core/tags/recording,Tag - Need to add no-index tag,,
https://docs.dyte.io/android-core/tags/room-metadata,Tag - Need to add no-index tag,,
https://docs.dyte.io/android-core/tags/self,Tag - Need to add no-index tag,,
https://docs.dyte.io/android-core/tags/self-events,Tag - Need to add no-index tag,,
https://docs.dyte.io/android-core/tags/stage,Tag - Need to add no-index tag,,
https://docs.dyte.io/android-core/tags/votes,Tag - Need to add no-index tag,,
https://docs.dyte.io/android-core/tags/web-core,Tag - Need to add no-index tag,,
https://docs.dyte.io/angular-ui-kit/tags,Tag - Need to add no-index tag,,
https://docs.dyte.io/angular-ui-kit/tags/releasenotes,Tag - Need to add no-index tag,,
https://docs.dyte.io/,,,
https://docs.dyte.io/android,,,
https://docs.dyte.io/android-core,,,
https://docs.dyte.io/flutter-core/tags,Tag - Need to add no-index tag,,
https://docs.dyte.io/flutter-core/tags/chat,Tag - Need to add no-index tag,,
https://docs.dyte.io/flutter-core/tags/create,Tag - Need to add no-index tag,,
https://docs.dyte.io/flutter-core/tags/flutter-core,Tag - Need to add no-index tag,,
https://docs.dyte.io/flutter-core/tags/livestream,Tag - Need to add no-index tag,,
https://docs.dyte.io/flutter-core/tags/local-user,Tag - Need to add no-index tag,,
https://docs.dyte.io/flutter-core/tags/participant,Tag - Need to add no-index tag,,
https://docs.dyte.io/flutter-core/tags/participants,Tag - Need to add no-index tag,,
https://docs.dyte.io/flutter-core/tags/polls,Tag - Need to add no-index tag,,
https://docs.dyte.io/flutter-core/tags/quickstart,Tag - Need to add no-index tag,,
https://docs.dyte.io/flutter-core/tags/recording,Tag - Need to add no-index tag,,
https://docs.dyte.io/flutter-core/tags/room-metadata,Tag - Need to add no-index tag,,
https://docs.dyte.io/flutter-core/tags/self,Tag - Need to add no-index tag,,
https://docs.dyte.io/flutter-core/tags/self-events,Tag - Need to add no-index tag,,
https://docs.dyte.io/flutter-core/tags/votes,Tag - Need to add no-index tag,,
https://docs.dyte.io/flutter/tags,Tag - Need to add no-index tag,,
https://docs.dyte.io/flutter/tags/design-system,Tag - Need to add no-index tag,,
https://docs.dyte.io/flutter/tags/flutter-ui-kit,Tag - Need to add no-index tag,,
https://docs.dyte.io/android-core/chat/introduction,,,
https://docs.dyte.io/guides/tags,Tag - Need to add no-index tag,,
https://docs.dyte.io/guides/tags/design-system,Tag - Need to add no-index tag,,
https://docs.dyte.io/guides/tags/flutter-ui-kit,Tag - Need to add no-index tag,,
https://docs.dyte.io/guides/tags/localization,Tag - Need to add no-index tag,,
https://docs.dyte.io/ios-core/tags,Tag - Need to add no-index tag,,
https://docs.dyte.io/ios-core/tags/chat,Tag - Need to add no-index tag,,
https://docs.dyte.io/ios-core/tags/connection-events,Tag - Need to add no-index tag,,
https://docs.dyte.io/ios-core/tags/create,Tag - Need to add no-index tag,,
https://docs.dyte.io/ios-core/tags/ios-core,Tag - Need to add no-index tag,,
https://docs.dyte.io/ios-core/tags/livestream,Tag - Need to add no-index tag,,
https://docs.dyte.io/ios-core/tags/local-user,Tag - Need to add no-index tag,,
https://docs.dyte.io/ios-core/tags/local-user-events,Tag - Need to add no-index tag,,
https://docs.dyte.io/ios-core/tags/mobile-core,Tag - Need to add no-index tag,,
https://docs.dyte.io/ios-core/tags/participant,Tag - Need to add no-index tag,,
https://docs.dyte.io/ios-core/tags/participants,Tag - Need to add no-index tag,,
https://docs.dyte.io/ios-core/tags/plugins,Tag - Need to add no-index tag,,
https://docs.dyte.io/ios-core/tags/polls,Tag - Need to add no-index tag,,
https://docs.dyte.io/ios-core/tags/quickstart,Tag - Need to add no-index tag,,
https://docs.dyte.io/ios-core/tags/reconnection,Tag - Need to add no-index tag,,
https://docs.dyte.io/ios-core/tags/recording,Tag - Need to add no-index tag,,
https://docs.dyte.io/ios-core/tags/room-metadata,Tag - Need to add no-index tag,,
https://docs.dyte.io/ios-core/tags/self,Tag - Need to add no-index tag,,
https://docs.dyte.io/ios-core/tags/self-events,Tag - Need to add no-index tag,,
https://docs.dyte.io/ios-core/tags/votes,Tag - Need to add no-index tag,,
https://docs.dyte.io/ios-core/tags/waitlist,Tag - Need to add no-index tag,,
https://docs.dyte.io/ios-core/tags/web-core,Tag - Need to add no-index tag,,
https://docs.dyte.io/ios-core/tags/webinar,Tag - Need to add no-index tag,,
https://docs.dyte.io/plugin-sdk/tags,Tag - Need to add no-index tag,,
https://docs.dyte.io/plugin-sdk/tags/installation,Tag - Need to add no-index tag,,
https://docs.dyte.io/plugin-sdk/tags/plugin-sdk,Tag - Need to add no-index tag,,
https://docs.dyte.io/plugin-sdk/tags/quickstart,Tag - Need to add no-index tag,,
https://docs.dyte.io/plugin-sdk/tags/setup,Tag - Need to add no-index tag,,
https://docs.dyte.io/react-native/tags,Tag - Need to add no-index tag,,
https://docs.dyte.io/react-native/tags/releasenotes,Tag - Need to add no-index tag,,
https://docs.dyte.io/react-ui-kit/tags,Tag - Need to add no-index tag,,
https://docs.dyte.io/react-ui-kit/tags/releasenotes,Tag - Need to add no-index tag,,
https://docs.dyte.io/react-web-core/tags,Tag - Need to add no-index tag,,
https://docs.dyte.io/react-web-core/tags/chat,Tag - Need to add no-index tag,,
https://docs.dyte.io/react-web-core/tags/create,Tag - Need to add no-index tag,,
https://docs.dyte.io/react-web-core/tags/local-user,Tag - Need to add no-index tag,,
https://docs.dyte.io/react-web-core/tags/methods,Tag - Need to add no-index tag,,
https://docs.dyte.io/react-web-core/tags/participant,Tag - Need to add no-index tag,,
https://docs.dyte.io/react-web-core/tags/participants,Tag - Need to add no-index tag,,
https://docs.dyte.io/react-web-core/tags/plugins,Tag - Need to add no-index tag,,
https://docs.dyte.io/react-web-core/tags/polls,Tag - Need to add no-index tag,,
https://docs.dyte.io/react-web-core/tags/react-web-core,Tag - Need to add no-index tag,,
https://docs.dyte.io/react-web-core/tags/recording,Tag - Need to add no-index tag,,
https://docs.dyte.io/react-web-core/tags/releasenotes,Tag - Need to add no-index tag,,
https://docs.dyte.io/react-web-core/tags/results,Tag - Need to add no-index tag,,
https://docs.dyte.io/react-web-core/tags/room-metadata,Tag - Need to add no-index tag,,
https://docs.dyte.io/react-web-core/tags/self,Tag - Need to add no-index tag,,
https://docs.dyte.io/react-web-core/tags/self-events,Tag - Need to add no-index tag,,
https://docs.dyte.io/react-web-core/tags/updates,Tag - Need to add no-index tag,,
https://docs.dyte.io/react-web-core/tags/votes,Tag - Need to add no-index tag,,
https://docs.dyte.io/react-web-core/tags/web-core,Tag - Need to add no-index tag,,
https://docs.dyte.io/android-core/chat/receiving-chat-messages,,,
https://docs.dyte.io/android-core/chat/sending-a-chat-message,,,
https://docs.dyte.io/rn-core/tags,Tag - Need to add no-index tag,,
https://docs.dyte.io/rn-core/tags/chat,Tag - Need to add no-index tag,,
https://docs.dyte.io/rn-core/tags/create,Tag - Need to add no-index tag,,
https://docs.dyte.io/rn-core/tags/installation,Tag - Need to add no-index tag,,
https://docs.dyte.io/rn-core/tags/local-user,Tag - Need to add no-index tag,,
https://docs.dyte.io/rn-core/tags/methods,Tag - Need to add no-index tag,,
https://docs.dyte.io/rn-core/tags/participant,Tag - Need to add no-index tag,,
https://docs.dyte.io/rn-core/tags/participants,Tag - Need to add no-index tag,,
https://docs.dyte.io/rn-core/tags/plugins,Tag - Need to add no-index tag,,
https://docs.dyte.io/rn-core/tags/polls,Tag - Need to add no-index tag,,
https://docs.dyte.io/rn-core/tags/quickstart,Tag - Need to add no-index tag,,
https://docs.dyte.io/rn-core/tags/recording,Tag - Need to add no-index tag,,
https://docs.dyte.io/rn-core/tags/results,Tag - Need to add no-index tag,,
https://docs.dyte.io/rn-core/tags/rn-core,Tag - Need to add no-index tag,,
https://docs.dyte.io/rn-core/tags/room-metadata,Tag - Need to add no-index tag,,
https://docs.dyte.io/rn-core/tags/self,Tag - Need to add no-index tag,,
https://docs.dyte.io/rn-core/tags/self-events,Tag - Need to add no-index tag,,
https://docs.dyte.io/rn-core/tags/setup,Tag - Need to add no-index tag,,
https://docs.dyte.io/rn-core/tags/updates,Tag - Need to add no-index tag,,
https://docs.dyte.io/rn-core/tags/votes,Tag - Need to add no-index tag,,
https://docs.dyte.io/android-core/livestream/dyte-livestream-listener,,,
https://docs.dyte.io/ui-kit/tags,Tag - Need to add no-index tag,,
https://docs.dyte.io/ui-kit/tags/releasenotes,Tag - Need to add no-index tag,,
https://docs.dyte.io/web-core/tags,Tag - Need to add no-index tag,,
https://docs.dyte.io/web-core/tags/chat,Tag - Need to add no-index tag,,
https://docs.dyte.io/web-core/tags/create,Tag - Need to add no-index tag,,
https://docs.dyte.io/web-core/tags/local-user,Tag - Need to add no-index tag,,
https://docs.dyte.io/web-core/tags/methods,Tag - Need to add no-index tag,,
https://docs.dyte.io/web-core/tags/participant,Tag - Need to add no-index tag,,
https://docs.dyte.io/web-core/tags/participants,Tag - Need to add no-index tag,,
https://docs.dyte.io/web-core/tags/plugins,Tag - Need to add no-index tag,,
https://docs.dyte.io/web-core/tags/polls,Tag - Need to add no-index tag,,
https://docs.dyte.io/web-core/tags/quickstart,Tag - Need to add no-index tag,,
https://docs.dyte.io/web-core/tags/recording,Tag - Need to add no-index tag,,
https://docs.dyte.io/web-core/tags/releasenotes,Tag - Need to add no-index tag,,
https://docs.dyte.io/web-core/tags/results,Tag - Need to add no-index tag,,
https://docs.dyte.io/web-core/tags/room-metadata,Tag - Need to add no-index tag,,
https://docs.dyte.io/web-core/tags/self,Tag - Need to add no-index tag,,
https://docs.dyte.io/web-core/tags/self-events,Tag - Need to add no-index tag,,
https://docs.dyte.io/web-core/tags/setup,Tag - Need to add no-index tag,,
https://docs.dyte.io/web-core/tags/updates,Tag - Need to add no-index tag,,
https://docs.dyte.io/web-core/tags/votes,Tag - Need to add no-index tag,,
https://docs.dyte.io/web-core/tags/web-core,Tag - Need to add no-index tag,,
https://docs.dyte.io/android-core/livestream/dyte-livestream-object,,,
https://docs.dyte.io/android-core/livestream/introduction,,,
https://docs.dyte.io/android-core/local-user/events,,,
https://docs.dyte.io/android-core/local-user/introduction,,,
https://docs.dyte.io/android-core/local-user/manage-media-devices,,,
https://docs.dyte.io/android-core/local-user/manage-permissions,,,
https://docs.dyte.io/android-core/participants/events,,,
https://docs.dyte.io/android-core/participants/introduction,,,
https://docs.dyte.io/android-core/participants/participant-object,,,
https://docs.dyte.io/android-core/plugins,,,
https://docs.dyte.io/android-core/polls/creating-a-poll,,,
https://docs.dyte.io/android-core/polls/introduction,,,
https://docs.dyte.io/android-core/polls/voting-on-a-poll,,,
https://docs.dyte.io/android-core/recording,,,
https://docs.dyte.io/android-core/room/room-connection-events,,,
https://docs.dyte.io/android-core/room/room-metadata,,,
https://docs.dyte.io/android-core/stage/introduction,,,
https://docs.dyte.io/android-core/stage/stage-management,,,
https://docs.dyte.io/android/advanced-usage,,,
https://docs.dyte.io/android/customize-meeting-ui,,,
https://docs.dyte.io/android/events,,,
https://docs.dyte.io/android/sample-app,,,
https://docs.dyte.io/angular-ui-kit,,,
https://docs.dyte.io/angular-ui-kit/basics/components-basics,,,
https://docs.dyte.io/angular-ui-kit/basics/pre-requisite,,,
https://docs.dyte.io/angular-ui-kit/components,,,
https://docs.dyte.io/angular-ui-kit/components/dyte-audio-visualizer,,,
https://docs.dyte.io/angular-ui-kit/components/dyte-avatar,,,
https://docs.dyte.io/angular-ui-kit/components/dyte-button,,,
https://docs.dyte.io/angular-ui-kit/components/dyte-camera-toggle,,,
https://docs.dyte.io/angular-ui-kit/components/dyte-chat,,,
https://docs.dyte.io/angular-ui-kit/components/dyte-chat-toggle,,,
https://docs.dyte.io/angular-ui-kit/components/dyte-clock,,,
https://docs.dyte.io/angular-ui-kit/components/dyte-confirmation-modal,,,
https://docs.dyte.io/angular-ui-kit/components/dyte-controlbar,,,
https://docs.dyte.io/angular-ui-kit/components/dyte-controlbar-button,,,
https://docs.dyte.io/angular-ui-kit/components/dyte-dialog,,,
https://docs.dyte.io/angular-ui-kit/components/dyte-dialog-manager,,,
https://docs.dyte.io/angular-ui-kit/components/dyte-emoji-picker,,,
https://docs.dyte.io/angular-ui-kit/components/dyte-ended-screen,,,
https://docs.dyte.io/angular-ui-kit/components/dyte-file-message,,,
https://docs.dyte.io/angular-ui-kit/components/dyte-fullscreen-toggle,,,
https://docs.dyte.io/angular-ui-kit/components/dyte-grid,,,
https://docs.dyte.io/angular-ui-kit/components/dyte-grid-pagination,,,
https://docs.dyte.io/angular-ui-kit/components/dyte-header,,,
https://docs.dyte.io/angular-ui-kit/components/dyte-icon,,,
https://docs.dyte.io/angular-ui-kit/components/dyte-idle-screen,,,
https://docs.dyte.io/angular-ui-kit/components/dyte-image-message,,,
https://docs.dyte.io/angular-ui-kit/components/dyte-image-viewer,,,
https://docs.dyte.io/angular-ui-kit/components/dyte-leave-button,,,
https://docs.dyte.io/angular-ui-kit/components/dyte-leave-meeting,,,
https://docs.dyte.io/angular-ui-kit/components/dyte-logo,,,
https://docs.dyte.io/angular-ui-kit/components/dyte-meeting,,,
https://docs.dyte.io/angular-ui-kit/components/dyte-meeting-title,,,
https://docs.dyte.io/angular-ui-kit/components/dyte-menu,,,
https://docs.dyte.io/angular-ui-kit/components/dyte-menu-item,,,
https://docs.dyte.io/angular-ui-kit/components/dyte-menu-list,,,
https://docs.dyte.io/angular-ui-kit/components/dyte-mic-toggle,,,
https://docs.dyte.io/angular-ui-kit/components/dyte-mixed-grid,,,
https://docs.dyte.io/angular-ui-kit/components/dyte-more-toggle,,,
https://docs.dyte.io/angular-ui-kit/components/dyte-name-tag,,,
https://docs.dyte.io/angular-ui-kit/components/dyte-notification,,,
https://docs.dyte.io/angular-ui-kit/components/dyte-notifications,,,
https://docs.dyte.io/angular-ui-kit/components/dyte-overlay-modal,,,
https://docs.dyte.io/angular-ui-kit/components/dyte-participant,,,
https://docs.dyte.io/angular-ui-kit/components/dyte-participant-count,,,
https://docs.dyte.io/angular-ui-kit/components/dyte-participant-tile,,,
https://docs.dyte.io/angular-ui-kit/components/dyte-participants,,,
https://docs.dyte.io/angular-ui-kit/components/dyte-participants-audio,,,
https://docs.dyte.io/angular-ui-kit/components/dyte-participants-stage-list,,,
https://docs.dyte.io/angular-ui-kit/components/dyte-participants-toggle,,,
https://docs.dyte.io/angular-ui-kit/components/dyte-permissions-message,,,
https://docs.dyte.io/angular-ui-kit/components/dyte-plugin-main,,,
https://docs.dyte.io/angular-ui-kit/components/dyte-plugins,,,
https://docs.dyte.io/angular-ui-kit/components/dyte-plugins-toggle,,,
https://docs.dyte.io/angular-ui-kit/components/dyte-poll,,,
https://docs.dyte.io/angular-ui-kit/components/dyte-poll-form,,,
https://docs.dyte.io/angular-ui-kit/components/dyte-polls,,,
https://docs.dyte.io/angular-ui-kit/components/dyte-polls-toggle,,,
https://docs.dyte.io/angular-ui-kit/components/dyte-recording-indicator,,,
https://docs.dyte.io/angular-ui-kit/components/dyte-recording-toggle,,,
https://docs.dyte.io/angular-ui-kit/components/dyte-remote-access-manager,,,
https://docs.dyte.io/angular-ui-kit/components/dyte-screen-share-toggle,,,
https://docs.dyte.io/angular-ui-kit/components/dyte-screenshare-view,,,
https://docs.dyte.io/angular-ui-kit/components/dyte-settings,,,
https://docs.dyte.io/angular-ui-kit/components/dyte-settings-audio,,,
https://docs.dyte.io/angular-ui-kit/components/dyte-settings-toggle,,,
https://docs.dyte.io/angular-ui-kit/components/dyte-settings-video,,,
https://docs.dyte.io/angular-ui-kit/components/dyte-setup-screen,,,
https://docs.dyte.io/angular-ui-kit/components/dyte-sidebar,,,
https://docs.dyte.io/angular-ui-kit/components/dyte-simple-grid,,,
https://docs.dyte.io/angular-ui-kit/components/dyte-spinner,,,
https://docs.dyte.io/angular-ui-kit/components/dyte-spotlight-grid,,,
https://docs.dyte.io/angular-ui-kit/components/dyte-stage,,,
https://docs.dyte.io/angular-ui-kit/components/dyte-switch,,,
https://docs.dyte.io/angular-ui-kit/components/dyte-text-field,,,
https://docs.dyte.io/angular-ui-kit/components/dyte-text-message,,,
https://docs.dyte.io/angular-ui-kit/components/dyte-tooltip,,,
https://docs.dyte.io/angular-ui-kit/components/dyte-viewer-count,,,
https://docs.dyte.io/angular-ui-kit/customizations/custom-iconpack,,,
https://docs.dyte.io/angular-ui-kit/customizations/custom-locale,,,
https://docs.dyte.io/angular-ui-kit/design-system,,,
https://docs.dyte.io/angular-ui-kit/quickstart,,,
https://docs.dyte.io/angular-ui-kit/reference,,,
https://docs.dyte.io/angular-ui-kit/reference/classes/DyteNotificationsAudio,,,
https://docs.dyte.io/angular-ui-kit/reference/interfaces/Notification,,,
https://docs.dyte.io/angular-ui-kit/reference/interfaces/PollObject,,,
https://docs.dyte.io/angular-ui-kit/reference/interfaces/States,,,
https://docs.dyte.io/angular-ui-kit/reference/interfaces/UIConfig,,,
https://docs.dyte.io/angular-ui-kit/reference/interfaces/UserPreferences,,,
https://docs.dyte.io/angular-ui-kit/release-notes,,,
https://docs.dyte.io/api,,,
https://docs.dyte.io/api/v2,,,
https://docs.dyte.io/cli,,,
https://docs.dyte.io/cli/getting-started,,,
https://docs.dyte.io/cli/meetings,,,
https://docs.dyte.io/cli/plugins,,,
https://docs.dyte.io/cli/recording,,,
https://docs.dyte.io/cli/webhooks,,,
https://docs.dyte.io/community-packages,,,
https://docs.dyte.io/community-packages/device-emulator,,,
https://docs.dyte.io/community-packages/device-emulator/examples,,,
https://docs.dyte.io/faq,,,
https://docs.dyte.io/flutter,,,
https://docs.dyte.io/flutter-core,,,
https://docs.dyte.io/flutter-core/chat/introduction,,,
https://docs.dyte.io/flutter-core/chat/receiving-chat-messages,,,
https://docs.dyte.io/flutter-core/chat/sending-a-chat-message,,,
https://docs.dyte.io/flutter-core/livestream/dyte-livestream-listener,,,
https://docs.dyte.io/flutter-core/livestream/dyte-livestream-object,,,
https://docs.dyte.io/flutter-core/livestream/introduction,,,
https://docs.dyte.io/flutter-core/local-user/events,,,
https://docs.dyte.io/flutter-core/local-user/introduction,,,
https://docs.dyte.io/flutter-core/local-user/manage-media-devices,,,
https://docs.dyte.io/flutter-core/participants/events,,,
https://docs.dyte.io/flutter-core/participants/introduction,,,
https://docs.dyte.io/flutter-core/participants/participant-object,,,
https://docs.dyte.io/flutter-core/polls/creating-a-poll,,,
https://docs.dyte.io/flutter-core/polls/introduction,,,
https://docs.dyte.io/flutter-core/polls/voting-on-a-poll,,,
https://docs.dyte.io/flutter-core/recording,,,
https://docs.dyte.io/flutter-core/room-metadata,,,
https://docs.dyte.io/flutter/design-token,,,
https://docs.dyte.io/flutter/quickstart,,,
https://docs.dyte.io/getting-started,,,
https://docs.dyte.io/guides,,,
https://docs.dyte.io/guides/capabilities/ai,,,
https://docs.dyte.io/guides/capabilities/ai/meeting-transcription,,,
https://docs.dyte.io/guides/capabilities/breakoutroom/create-breakout-rooms,,,
https://docs.dyte.io/guides/capabilities/breakoutroom/introduction-breakout-rooms,,,
https://docs.dyte.io/guides/capabilities/customization,,,
https://docs.dyte.io/guides/capabilities/customization/add-button-control-bar,,,
https://docs.dyte.io/guides/capabilities/customization/add-virtual-background,,,
https://docs.dyte.io/guides/capabilities/customization/customize-meeting-icons/angular-custom-icons,,,
https://docs.dyte.io/guides/capabilities/customization/customize-meeting-icons/react-custom-iconpack,,,
https://docs.dyte.io/guides/capabilities/customization/customize-meeting-icons/web-comp-custom-icon,,,
https://docs.dyte.io/guides/capabilities/customization/customize-meeting-locale/angular-custom-locale,,,
https://docs.dyte.io/guides/capabilities/customization/customize-meeting-locale/fluttter-custom-locale,,,
https://docs.dyte.io/guides/capabilities/customization/customize-meeting-locale/react-custom-locale,,,
https://docs.dyte.io/guides/capabilities/customization/customize-meeting-locale/web-comp-custom-locale,,,
https://docs.dyte.io/guides/capabilities/embed,,,
https://docs.dyte.io/guides/capabilities/export-chat-dump,,,
https://docs.dyte.io/guides/capabilities/livestreaming-other-platforms,,,
https://docs.dyte.io/guides/capabilities/presets,,,
https://docs.dyte.io/guides/capabilities/recording,,,
https://docs.dyte.io/guides/capabilities/recording/add-watermark,,,
https://docs.dyte.io/guides/capabilities/recording/configure-audio-codec,,,
https://docs.dyte.io/guides/capabilities/recording/configure-codecs,,,
https://docs.dyte.io/guides/capabilities/recording/configure-dyte-bucket-config,,,
https://docs.dyte.io/guides/capabilities/recording/create-record-app-using-sdks,,,
https://docs.dyte.io/guides/capabilities/recording/custom-cloud-storage,,,
https://docs.dyte.io/guides/capabilities/recording/interactive-recording,,,
https://docs.dyte.io/guides/capabilities/recording/livestream-recording,,,
https://docs.dyte.io/guides/capabilities/recording/manage-recording-config-hierarchy,,,
https://docs.dyte.io/guides/capabilities/recording/monitor-status,,,
https://docs.dyte.io/guides/capabilities/recording/recording-overview,,,
https://docs.dyte.io/guides/capabilities/recording/start-recording,,,
https://docs.dyte.io/guides/capabilities/recording/stop-recording,,,
https://docs.dyte.io/guides/capabilities/sip,,,
https://docs.dyte.io/guides/capabilities/webhooks,,,
https://docs.dyte.io/guides/capabilities/webhooks/signatures,,,
https://docs.dyte.io/guides/capabilities/webhooks/webhook-events,,,
https://docs.dyte.io/guides/capabilities/webhooks/webhooks-and-events,,,
https://docs.dyte.io/guides/capabilities/webhooks/webhooks-overview,,,
https://docs.dyte.io/guides/capabilities/webinar/intro-webinar,,,
https://docs.dyte.io/guides/live-video/build-live-video-app,,,
https://docs.dyte.io/guides/live-video/client-setup,,,
https://docs.dyte.io/guides/live-video/client-setup/android,,,
https://docs.dyte.io/guides/live-video/client-setup/angular,,,
https://docs.dyte.io/guides/live-video/client-setup/flutter,,,
https://docs.dyte.io/guides/live-video/client-setup/ios,,,
https://docs.dyte.io/guides/live-video/client-setup/javascript,,,
https://docs.dyte.io/guides/live-video/client-setup/react,,,
https://docs.dyte.io/guides/live-video/concepts-live-video,,,
https://docs.dyte.io/guides/live-video/intro-video-conf,,,
https://docs.dyte.io/guides/livestream/advanced/configuring-permissions,,,
https://docs.dyte.io/guides/livestream/advanced/livestream-any-rtmp,,,
https://docs.dyte.io/guides/livestream/build-livestream-app,,,
https://docs.dyte.io/guides/livestream/client-setup,,,
https://docs.dyte.io/guides/livestream/client-setup/android,,,
https://docs.dyte.io/guides/livestream/client-setup/angular,,,
https://docs.dyte.io/guides/livestream/client-setup/flutter,,,
https://docs.dyte.io/guides/livestream/client-setup/ios,,,
https://docs.dyte.io/guides/livestream/client-setup/javascript,,,
https://docs.dyte.io/guides/livestream/client-setup/react,,,
https://docs.dyte.io/guides/livestream/concepts-ils,,,
https://docs.dyte.io/guides/livestream/livestream-overview,,,
https://docs.dyte.io/guides/migration/opentok/concept-media-opentok,,,
https://docs.dyte.io/guides/migration/opentok/concepts-opentok-vs-dyte,,,
https://docs.dyte.io/guides/migration/opentok/opentok-shim-by-dyte,,,
https://docs.dyte.io/guides/migration/twilio/compatibility-shim-twilio,,,
https://docs.dyte.io/guides/migration/twilio/concept-media,,,
https://docs.dyte.io/guides/migration/twilio/concepts-twilio-vs-dyte,,,
https://docs.dyte.io/guides/migration/twilio/twilio-shim-by-dyte,,,
https://docs.dyte.io/guides/realtime-chat/build-in-app-chat-exp,,,
https://docs.dyte.io/guides/realtime-chat/intro-chat,,,
https://docs.dyte.io/guides/rest-apis/livestream-dyte-meeting,,,
https://docs.dyte.io/guides/rest-apis/quickstart,,,
https://docs.dyte.io/guides/v2-migration-guide,,,
https://docs.dyte.io/guides/voice-conf/build-voice-app,,,
https://docs.dyte.io/guides/voice-conf/client-setup,,,
https://docs.dyte.io/guides/voice-conf/client-setup/android,,,
https://docs.dyte.io/guides/voice-conf/client-setup/angular,,,
https://docs.dyte.io/guides/voice-conf/client-setup/flutter,,,
https://docs.dyte.io/guides/voice-conf/client-setup/ios,,,
https://docs.dyte.io/guides/voice-conf/client-setup/javascript,,,
https://docs.dyte.io/guides/voice-conf/client-setup/react,,,
https://docs.dyte.io/guides/voice-conf/concepts-voice-conf,,,
https://docs.dyte.io/guides/voice-conf/intro-voice-conf,,,
https://docs.dyte.io/ios,,,
https://docs.dyte.io/ios-core,,,
https://docs.dyte.io/ios-core/chat/introduction,,,
https://docs.dyte.io/ios-core/chat/receiving-chat-messages,,,
https://docs.dyte.io/ios-core/chat/sending-a-chat-message,,,
https://docs.dyte.io/ios-core/livestream/dyte-livestream-listener,,,
https://docs.dyte.io/ios-core/livestream/dyte-livestream-object,,,
https://docs.dyte.io/ios-core/livestream/introduction,,,
https://docs.dyte.io/ios-core/local-user/events,,,
https://docs.dyte.io/ios-core/local-user/introduction,,,
https://docs.dyte.io/ios-core/local-user/manage-media-devices,,,
https://docs.dyte.io/ios-core/local-user/manage-permissions,,,
https://docs.dyte.io/ios-core/participants/events,,,
https://docs.dyte.io/ios-core/participants/introduction,,,
https://docs.dyte.io/ios-core/participants/participant-object,,,
https://docs.dyte.io/ios-core/plugins,,,
https://docs.dyte.io/ios-core/polls/creating-a-poll,,,
https://docs.dyte.io/ios-core/polls/introduction,,,
https://docs.dyte.io/ios-core/polls/voting-on-a-poll,,,
https://docs.dyte.io/ios-core/recording,,,
https://docs.dyte.io/ios-core/room/room-connection-events,,,
https://docs.dyte.io/ios-core/room/room-metadata,,,
https://docs.dyte.io/ios-core/waitlist-events,,,
https://docs.dyte.io/ios-core/webinar/introduction,,,
https://docs.dyte.io/ios-core/webinar/stage-management,,,
https://docs.dyte.io/ios/events,,,
https://docs.dyte.io/ios/quickstart,,,
https://docs.dyte.io/plugin-sdk,,,
https://docs.dyte.io/plugin-sdk/frequently-asked-questions,,,
https://docs.dyte.io/plugin-sdk/guides/exchange-data-between-plugin-and-meeting,,,
https://docs.dyte.io/plugin-sdk/guides/how-to-work-with-plugin-stores,,,
https://docs.dyte.io/plugin-sdk/quickstart,,,
https://docs.dyte.io/plugin-sdk/setup/create,,,
https://docs.dyte.io/plugin-sdk/setup/customize,,,
https://docs.dyte.io/plugin-sdk/setup/develop,,,
https://docs.dyte.io/plugin-sdk/setup/manage,,,
https://docs.dyte.io/plugin-sdk/setup/publish,,,
https://docs.dyte.io/plugin-sdk/usage/basic/events,,,
https://docs.dyte.io/plugin-sdk/usage/basic/initialize,,,
https://docs.dyte.io/plugin-sdk/usage/basic/methods,,,
https://docs.dyte.io/plugin-sdk/usage/installation,,,
https://docs.dyte.io/plugin-sdk/usage/rooms-api/events,,,
https://docs.dyte.io/plugin-sdk/usage/rooms-api/methods,,,
https://docs.dyte.io/plugin-sdk/usage/stores-api/introduction,,,
https://docs.dyte.io/plugin-sdk/usage/stores-api/manage-stores,,,
https://docs.dyte.io/react-native,,,
https://docs.dyte.io/react-native/basics/components-basics,,,
https://docs.dyte.io/react-native/basics/display-videos,,,
https://docs.dyte.io/react-native/components,,,
https://docs.dyte.io/react-native/components/dyte-avatar,,,
https://docs.dyte.io/react-native/components/dyte-button,,,
https://docs.dyte.io/react-native/components/dyte-camera-toggle,,,
https://docs.dyte.io/react-native/components/dyte-chat,,,
https://docs.dyte.io/react-native/components/dyte-chat-toggle,,,
https://docs.dyte.io/react-native/components/dyte-clock,,,
https://docs.dyte.io/react-native/components/dyte-controlbar,,,
https://docs.dyte.io/react-native/components/dyte-controlbar-button,,,
https://docs.dyte.io/react-native/components/dyte-dialog,,,
https://docs.dyte.io/react-native/components/dyte-dialog-manager,,,
https://docs.dyte.io/react-native/components/dyte-ended-screen,,,
https://docs.dyte.io/react-native/components/dyte-file-message,,,
https://docs.dyte.io/react-native/components/dyte-grid,,,
https://docs.dyte.io/react-native/components/dyte-grid-pagination,,,
https://docs.dyte.io/react-native/components/dyte-header,,,
https://docs.dyte.io/react-native/components/dyte-icon,,,
https://docs.dyte.io/react-native/components/dyte-idle-screen,,,
https://docs.dyte.io/react-native/components/dyte-image-message,,,
https://docs.dyte.io/react-native/components/dyte-image-viewer,,,
https://docs.dyte.io/react-native/components/dyte-join-stage,,,
https://docs.dyte.io/react-native/components/dyte-leave-button,,,
https://docs.dyte.io/react-native/components/dyte-leave-meeting,,,
https://docs.dyte.io/react-native/components/dyte-logo,,,
https://docs.dyte.io/react-native/components/dyte-meeting,,,
https://docs.dyte.io/react-native/components/dyte-meeting-title,,,
https://docs.dyte.io/react-native/components/dyte-menu,,,
https://docs.dyte.io/react-native/components/dyte-menu-item,,,
https://docs.dyte.io/react-native/components/dyte-menu-list,,,
https://docs.dyte.io/react-native/components/dyte-mic-toggle,,,
https://docs.dyte.io/react-native/components/dyte-more-toggle,,,
https://docs.dyte.io/react-native/components/dyte-mute-all-button,,,
https://docs.dyte.io/react-native/components/dyte-name-tag,,,
https://docs.dyte.io/react-native/components/dyte-notification,,,
https://docs.dyte.io/react-native/components/dyte-notifications,,,
https://docs.dyte.io/react-native/components/dyte-participant,,,
https://docs.dyte.io/react-native/components/dyte-participant-count,,,
https://docs.dyte.io/react-native/components/dyte-participant-setup,,,
https://docs.dyte.io/react-native/components/dyte-participant-tile,,,
https://docs.dyte.io/react-native/components/dyte-participants,,,
https://docs.dyte.io/react-native/components/dyte-participants-toggle,,,
https://docs.dyte.io/react-native/components/dyte-permissions-message,,,
https://docs.dyte.io/react-native/components/dyte-plugin-main,,,
https://docs.dyte.io/react-native/components/dyte-plugins,,,
https://docs.dyte.io/react-native/components/dyte-plugins-toggle,,,
https://docs.dyte.io/react-native/components/dyte-poll,,,
https://docs.dyte.io/react-native/components/dyte-poll-form,,,
https://docs.dyte.io/react-native/components/dyte-polls,,,
https://docs.dyte.io/react-native/components/dyte-polls-toggle,,,
https://docs.dyte.io/react-native/components/dyte-recording-indicator,,,
https://docs.dyte.io/react-native/components/dyte-recording-toggle,,,
https://docs.dyte.io/react-native/components/dyte-screen-share-toggle,,,
https://docs.dyte.io/react-native/components/dyte-screenshare-view,,,
https://docs.dyte.io/react-native/components/dyte-settings,,,
https://docs.dyte.io/react-native/components/dyte-settings-audio,,,
https://docs.dyte.io/react-native/components/dyte-settings-toggle,,,
https://docs.dyte.io/react-native/components/dyte-settings-video,,,
https://docs.dyte.io/react-native/components/dyte-setup-screen,,,
https://docs.dyte.io/react-native/components/dyte-sidebar,,,
https://docs.dyte.io/react-native/components/dyte-simple-grid,,,
https://docs.dyte.io/react-native/components/dyte-spinner,,,
https://docs.dyte.io/react-native/components/dyte-spotlight-grid,,,
https://docs.dyte.io/react-native/components/dyte-text-field,,,
https://docs.dyte.io/react-native/components/dyte-text-message,,,
https://docs.dyte.io/react-native/components/dyte-waiting-screen,,,
https://docs.dyte.io/react-native/components/dyte-webinar-stage-toggle,,,
https://docs.dyte.io/react-native/design-system,,,
https://docs.dyte.io/react-native/quickstart,,,
https://docs.dyte.io/react-native/reference,,,
https://docs.dyte.io/react-native/reference/classes/DyteNotificationsAudio,,,
https://docs.dyte.io/react-native/reference/interfaces/Notification,,,
https://docs.dyte.io/react-native/reference/interfaces/PollObject,,,
https://docs.dyte.io/react-native/reference/interfaces/States,,,
https://docs.dyte.io/react-native/reference/interfaces/UIConfig,,,
https://docs.dyte.io/react-native/reference/interfaces/UserPreferences,,,
https://docs.dyte.io/react-native/release-notes,,,
https://docs.dyte.io/react-native/using-hooks,,,
https://docs.dyte.io/react-ui-kit,,,
https://docs.dyte.io/react-ui-kit/basics/components-basics,,,
https://docs.dyte.io/react-ui-kit/basics/display-videos,,,
https://docs.dyte.io/react-ui-kit/basics/integrate,,,
https://docs.dyte.io/react-ui-kit/components,,,
https://docs.dyte.io/react-ui-kit/components/dyte-audio-visualizer,,,
https://docs.dyte.io/react-ui-kit/components/dyte-avatar,,,
https://docs.dyte.io/react-ui-kit/components/dyte-button,,,
https://docs.dyte.io/react-ui-kit/components/dyte-camera-toggle,,,
https://docs.dyte.io/react-ui-kit/components/dyte-chat,,,
https://docs.dyte.io/react-ui-kit/components/dyte-chat-toggle,,,
https://docs.dyte.io/react-ui-kit/components/dyte-clock,,,
https://docs.dyte.io/react-ui-kit/components/dyte-confirmation-modal,,,
https://docs.dyte.io/react-ui-kit/components/dyte-controlbar,,,
https://docs.dyte.io/react-ui-kit/components/dyte-controlbar-button,,,
https://docs.dyte.io/react-ui-kit/components/dyte-dialog,,,
https://docs.dyte.io/react-ui-kit/components/dyte-dialog-manager,,,
https://docs.dyte.io/react-ui-kit/components/dyte-emoji-picker,,,
https://docs.dyte.io/react-ui-kit/components/dyte-ended-screen,,,
https://docs.dyte.io/react-ui-kit/components/dyte-file-message,,,
https://docs.dyte.io/react-ui-kit/components/dyte-fullscreen-toggle,,,
https://docs.dyte.io/react-ui-kit/components/dyte-grid,,,
https://docs.dyte.io/react-ui-kit/components/dyte-grid-pagination,,,
https://docs.dyte.io/react-ui-kit/components/dyte-header,,,
https://docs.dyte.io/react-ui-kit/components/dyte-icon,,,
https://docs.dyte.io/react-ui-kit/components/dyte-idle-screen,,,
https://docs.dyte.io/react-ui-kit/components/dyte-image-message,,,
https://docs.dyte.io/react-ui-kit/components/dyte-image-viewer,,,
https://docs.dyte.io/react-ui-kit/components/dyte-leave-button,,,
https://docs.dyte.io/react-ui-kit/components/dyte-leave-meeting,,,
https://docs.dyte.io/react-ui-kit/components/dyte-logo,,,
https://docs.dyte.io/react-ui-kit/components/dyte-meeting,,,
https://docs.dyte.io/react-ui-kit/components/dyte-meeting-title,,,
https://docs.dyte.io/react-ui-kit/components/dyte-menu,,,
https://docs.dyte.io/react-ui-kit/components/dyte-menu-item,,,
https://docs.dyte.io/react-ui-kit/components/dyte-menu-list,,,
https://docs.dyte.io/react-ui-kit/components/dyte-mic-toggle,,,
https://docs.dyte.io/react-ui-kit/components/dyte-mixed-grid,,,
https://docs.dyte.io/react-ui-kit/components/dyte-more-toggle,,,
https://docs.dyte.io/react-ui-kit/components/dyte-name-tag,,,
https://docs.dyte.io/react-ui-kit/components/dyte-notification,,,
https://docs.dyte.io/react-ui-kit/components/dyte-notifications,,,
https://docs.dyte.io/react-ui-kit/components/dyte-overlay-modal,,,
https://docs.dyte.io/react-ui-kit/components/dyte-participant,,,
https://docs.dyte.io/react-ui-kit/components/dyte-participant-count,,,
https://docs.dyte.io/react-ui-kit/components/dyte-participant-tile,,,
https://docs.dyte.io/react-ui-kit/components/dyte-participants,,,
https://docs.dyte.io/react-ui-kit/components/dyte-participants-audio,,,
https://docs.dyte.io/react-ui-kit/components/dyte-participants-stage-list,,,
https://docs.dyte.io/react-ui-kit/components/dyte-participants-toggle,,,
https://docs.dyte.io/react-ui-kit/components/dyte-permissions-message,,,
https://docs.dyte.io/react-ui-kit/components/dyte-plugin-main,,,
https://docs.dyte.io/react-ui-kit/components/dyte-plugins,,,
https://docs.dyte.io/react-ui-kit/components/dyte-plugins-toggle,,,
https://docs.dyte.io/react-ui-kit/components/dyte-poll,,,
https://docs.dyte.io/react-ui-kit/components/dyte-poll-form,,,
https://docs.dyte.io/react-ui-kit/components/dyte-polls,,,
https://docs.dyte.io/react-ui-kit/components/dyte-polls-toggle,,,
https://docs.dyte.io/react-ui-kit/components/dyte-recording-indicator,,,
https://docs.dyte.io/react-ui-kit/components/dyte-recording-toggle,,,
https://docs.dyte.io/react-ui-kit/components/dyte-remote-access-manager,,,
https://docs.dyte.io/react-ui-kit/components/dyte-screen-share-toggle,,,
https://docs.dyte.io/react-ui-kit/components/dyte-screenshare-view,,,
https://docs.dyte.io/react-ui-kit/components/dyte-settings,,,
https://docs.dyte.io/react-ui-kit/components/dyte-settings-audio,,,
https://docs.dyte.io/react-ui-kit/components/dyte-settings-toggle,,,
https://docs.dyte.io/react-ui-kit/components/dyte-settings-video,,,
https://docs.dyte.io/react-ui-kit/components/dyte-setup-screen,,,
https://docs.dyte.io/react-ui-kit/components/dyte-sidebar,,,
https://docs.dyte.io/react-ui-kit/components/dyte-simple-grid,,,
https://docs.dyte.io/react-ui-kit/components/dyte-spinner,,,
https://docs.dyte.io/react-ui-kit/components/dyte-spotlight-grid,,,
https://docs.dyte.io/react-ui-kit/components/dyte-stage,,,
https://docs.dyte.io/react-ui-kit/components/dyte-switch,,,
https://docs.dyte.io/react-ui-kit/components/dyte-text-field,,,
https://docs.dyte.io/react-ui-kit/components/dyte-text-message,,,
https://docs.dyte.io/react-ui-kit/components/dyte-tooltip,,,
https://docs.dyte.io/react-ui-kit/components/dyte-viewer-count,,,
https://docs.dyte.io/react-ui-kit/customizations/custom-iconpack,,,
https://docs.dyte.io/react-ui-kit/customizations/custom-locale,,,
https://docs.dyte.io/react-ui-kit/design-system,,,
https://docs.dyte.io/react-ui-kit/quickstart,,,
https://docs.dyte.io/react-ui-kit/reference,,,
https://docs.dyte.io/react-ui-kit/reference/classes/DyteNotificationsAudio,,,
https://docs.dyte.io/react-ui-kit/reference/interfaces/Notification,,,
https://docs.dyte.io/react-ui-kit/reference/interfaces/PollObject,,,
https://docs.dyte.io/react-ui-kit/reference/interfaces/States,,,
https://docs.dyte.io/react-ui-kit/reference/interfaces/UIConfig,,,
https://docs.dyte.io/react-ui-kit/reference/interfaces/UserPreferences,,,
https://docs.dyte.io/react-ui-kit/release-notes,,,
https://docs.dyte.io/react-ui-kit/using-hooks,,,
https://docs.dyte.io/react-web-core,,,
https://docs.dyte.io/react-web-core/chat/edit-chat-messages,,,
https://docs.dyte.io/react-web-core/chat/introduction,,,
https://docs.dyte.io/react-web-core/chat/other-chat-functions,,,
https://docs.dyte.io/react-web-core/chat/receiving-chat-messages,,,
https://docs.dyte.io/react-web-core/chat/sending-a-chat-message,,,
https://docs.dyte.io/react-web-core/error-codes/error-code,,,
https://docs.dyte.io/react-web-core/error-codes/error-code-zero-ten,,,
https://docs.dyte.io/react-web-core/introduction,,,
https://docs.dyte.io/react-web-core/livestreaming,,,
https://docs.dyte.io/react-web-core/local-user/events,,,
https://docs.dyte.io/react-web-core/local-user/extras,,,
https://docs.dyte.io/react-web-core/local-user/introduction,,,
https://docs.dyte.io/react-web-core/local-user/manage-media-devices,,,
https://docs.dyte.io/react-web-core/local-user/media-permission-errors,,,
https://docs.dyte.io/react-web-core/participants,,,
https://docs.dyte.io/react-web-core/participants/events,,,
https://docs.dyte.io/react-web-core/participants/participant-object,,,
https://docs.dyte.io/react-web-core/participants/pip,,,
https://docs.dyte.io/react-web-core/plugins/disable-plugin,,,
https://docs.dyte.io/react-web-core/plugins/enable-plugin,,,
https://docs.dyte.io/react-web-core/plugins/extra,,,
https://docs.dyte.io/react-web-core/plugins/introduction,,,
https://docs.dyte.io/react-web-core/polls/creating-a-poll,,,
https://docs.dyte.io/react-web-core/polls/introduction,,,
https://docs.dyte.io/react-web-core/polls/other-poll-functions,,,
https://docs.dyte.io/react-web-core/polls/voting-on-a-poll,,,
https://docs.dyte.io/react-web-core/recording,,,
https://docs.dyte.io/react-web-core/reference/DyteAi,,,
https://docs.dyte.io/react-web-core/reference/DyteChat,,,
https://docs.dyte.io/react-web-core/reference/DyteClient,,,
https://docs.dyte.io/react-web-core/reference/DyteLivestream,,,
https://docs.dyte.io/react-web-core/reference/DyteMeta,,,
https://docs.dyte.io/react-web-core/reference/DyteParticipant,,,
https://docs.dyte.io/react-web-core/reference/DyteParticipantMap,,,
https://docs.dyte.io/react-web-core/reference/DyteParticipants,,,
https://docs.dyte.io/react-web-core/reference/DytePermissionsPreset,,,
https://docs.dyte.io/react-web-core/reference/DytePlugin,,,
https://docs.dyte.io/react-web-core/reference/DytePluginMap,,,
https://docs.dyte.io/react-web-core/reference/DytePlugins,,,
https://docs.dyte.io/react-web-core/reference/DytePolls,,,
https://docs.dyte.io/react-web-core/reference/DyteRecording,,,
https://docs.dyte.io/react-web-core/reference/DyteRemote,,,
https://docs.dyte.io/react-web-core/reference/DyteSelf,,,
https://docs.dyte.io/react-web-core/reference/DyteSelfMedia,,,
https://docs.dyte.io/react-web-core/reference/DyteStage,,,
https://docs.dyte.io/react-web-core/reference/DyteThemePreset,,,
https://docs.dyte.io/react-web-core/release-notes,,,
https://docs.dyte.io/react-web-core/room-metadata,,,
https://docs.dyte.io/react-web-core/stage,,,
https://docs.dyte.io/release-notes,,,
https://docs.dyte.io/release-notes/rest-api,,,
https://docs.dyte.io/rn-core,,,
https://docs.dyte.io/rn-core/chat/edit-chat-messages,,,
https://docs.dyte.io/rn-core/chat/introduction,,,
https://docs.dyte.io/rn-core/chat/other-chat-functions,,,
https://docs.dyte.io/rn-core/chat/receiving-chat-messages,,,
https://docs.dyte.io/rn-core/chat/sending-a-chat-message,,,
https://docs.dyte.io/rn-core/error-codes/error-code,,,
https://docs.dyte.io/rn-core/error-codes/error-code-zero-ten,,,
https://docs.dyte.io/rn-core/livestreaming,,,
https://docs.dyte.io/rn-core/local-user/events,,,
https://docs.dyte.io/rn-core/local-user/extras,,,
https://docs.dyte.io/rn-core/local-user/introduction,,,
https://docs.dyte.io/rn-core/local-user/manage-media-devices,,,
https://docs.dyte.io/rn-core/local-user/media-permission-errors,,,
https://docs.dyte.io/rn-core/participants,,,
https://docs.dyte.io/rn-core/participants/events,,,
https://docs.dyte.io/rn-core/participants/participant-object,,,
https://docs.dyte.io/rn-core/plugins/disable-plugin,,,
https://docs.dyte.io/rn-core/plugins/enable-plugin,,,
https://docs.dyte.io/rn-core/plugins/extra,,,
https://docs.dyte.io/rn-core/plugins/introduction,,,
https://docs.dyte.io/rn-core/polls/creating-a-poll,,,
https://docs.dyte.io/rn-core/polls/introduction,,,
https://docs.dyte.io/rn-core/polls/other-poll-functions,,,
https://docs.dyte.io/rn-core/polls/voting-on-a-poll,,,
https://docs.dyte.io/rn-core/quickstart,,,
https://docs.dyte.io/rn-core/recording,,,
https://docs.dyte.io/rn-core/reference/DyteChat,,,
https://docs.dyte.io/rn-core/reference/DyteClient,,,
https://docs.dyte.io/rn-core/reference/DyteLivestream,,,
https://docs.dyte.io/rn-core/reference/DyteMeta,,,
https://docs.dyte.io/rn-core/reference/DyteParticipant,,,
https://docs.dyte.io/rn-core/reference/DyteParticipantMap,,,
https://docs.dyte.io/rn-core/reference/DyteParticipants,,,
https://docs.dyte.io/rn-core/reference/DytePermissionsPreset,,,
https://docs.dyte.io/rn-core/reference/DytePlugin,,,
https://docs.dyte.io/rn-core/reference/DytePluginMap,,,
https://docs.dyte.io/rn-core/reference/DytePlugins,,,
https://docs.dyte.io/rn-core/reference/DytePolls,,,
https://docs.dyte.io/rn-core/reference/DyteRecording,,,
https://docs.dyte.io/rn-core/reference/DyteRemote,,,
https://docs.dyte.io/rn-core/reference/DyteSelf,,,
https://docs.dyte.io/rn-core/reference/DyteStage,,,
https://docs.dyte.io/rn-core/reference/DyteThemePreset,,,
https://docs.dyte.io/rn-core/room-metadata,,,
https://docs.dyte.io/rn-core/stage,,,
https://docs.dyte.io/search,,,
https://docs.dyte.io/ui-kit,,,
https://docs.dyte.io/ui-kit/basics/components-basics,,,
https://docs.dyte.io/ui-kit/basics/pre-requisite,,,
https://docs.dyte.io/ui-kit/components,,,
https://docs.dyte.io/ui-kit/components/dyte-audio-visualizer,,,
https://docs.dyte.io/ui-kit/components/dyte-avatar,,,
https://docs.dyte.io/ui-kit/components/dyte-button,,,
https://docs.dyte.io/ui-kit/components/dyte-camera-toggle,,,
https://docs.dyte.io/ui-kit/components/dyte-chat,,,
https://docs.dyte.io/ui-kit/components/dyte-chat-toggle,,,
https://docs.dyte.io/ui-kit/components/dyte-clock,,,
https://docs.dyte.io/ui-kit/components/dyte-confirmation-modal,,,
https://docs.dyte.io/ui-kit/components/dyte-controlbar,,,
https://docs.dyte.io/ui-kit/components/dyte-controlbar-button,,,
https://docs.dyte.io/ui-kit/components/dyte-dialog,,,
https://docs.dyte.io/ui-kit/components/dyte-dialog-manager,,,
https://docs.dyte.io/ui-kit/components/dyte-emoji-picker,,,
https://docs.dyte.io/ui-kit/components/dyte-ended-screen,,,
https://docs.dyte.io/ui-kit/components/dyte-file-message,,,
https://docs.dyte.io/ui-kit/components/dyte-fullscreen-toggle,,,
https://docs.dyte.io/ui-kit/components/dyte-grid,,,
https://docs.dyte.io/ui-kit/components/dyte-grid-pagination,,,
https://docs.dyte.io/ui-kit/components/dyte-header,,,
https://docs.dyte.io/ui-kit/components/dyte-icon,,,
https://docs.dyte.io/ui-kit/components/dyte-idle-screen,,,
https://docs.dyte.io/ui-kit/components/dyte-image-message,,,
https://docs.dyte.io/ui-kit/components/dyte-image-viewer,,,
https://docs.dyte.io/ui-kit/components/dyte-leave-button,,,
https://docs.dyte.io/ui-kit/components/dyte-leave-meeting,,,
https://docs.dyte.io/ui-kit/components/dyte-logo,,,
https://docs.dyte.io/ui-kit/components/dyte-meeting,,,
https://docs.dyte.io/ui-kit/components/dyte-meeting-title,,,
https://docs.dyte.io/ui-kit/components/dyte-menu,,,
https://docs.dyte.io/ui-kit/components/dyte-menu-item,,,
https://docs.dyte.io/ui-kit/components/dyte-menu-list,,,
https://docs.dyte.io/ui-kit/components/dyte-mic-toggle,,,
https://docs.dyte.io/ui-kit/components/dyte-mixed-grid,,,
https://docs.dyte.io/ui-kit/components/dyte-more-toggle,,,
https://docs.dyte.io/ui-kit/components/dyte-name-tag,,,
https://docs.dyte.io/ui-kit/components/dyte-notification,,,
https://docs.dyte.io/ui-kit/components/dyte-notifications,,,
https://docs.dyte.io/ui-kit/components/dyte-overlay-modal,,,
https://docs.dyte.io/ui-kit/components/dyte-participant,,,
https://docs.dyte.io/ui-kit/components/dyte-participant-count,,,
https://docs.dyte.io/ui-kit/components/dyte-participant-tile,,,
https://docs.dyte.io/ui-kit/components/dyte-participants,,,
https://docs.dyte.io/ui-kit/components/dyte-participants-audio,,,
https://docs.dyte.io/ui-kit/components/dyte-participants-stage-list,,,
https://docs.dyte.io/ui-kit/components/dyte-participants-toggle,,,
https://docs.dyte.io/ui-kit/components/dyte-permissions-message,,,
https://docs.dyte.io/ui-kit/components/dyte-plugin-main,,,
https://docs.dyte.io/ui-kit/components/dyte-plugins,,,
https://docs.dyte.io/ui-kit/components/dyte-plugins-toggle,,,
https://docs.dyte.io/ui-kit/components/dyte-poll,,,
https://docs.dyte.io/ui-kit/components/dyte-poll-form,,,
https://docs.dyte.io/ui-kit/components/dyte-polls,,,
https://docs.dyte.io/ui-kit/components/dyte-polls-toggle,,,
https://docs.dyte.io/ui-kit/components/dyte-recording-indicator,,,
https://docs.dyte.io/ui-kit/components/dyte-recording-toggle,,,
https://docs.dyte.io/ui-kit/components/dyte-remote-access-manager,,,
https://docs.dyte.io/ui-kit/components/dyte-screen-share-toggle,,,
https://docs.dyte.io/ui-kit/components/dyte-screenshare-view,,,
https://docs.dyte.io/ui-kit/components/dyte-settings,,,
https://docs.dyte.io/ui-kit/components/dyte-settings-audio,,,
https://docs.dyte.io/ui-kit/components/dyte-settings-toggle,,,
https://docs.dyte.io/ui-kit/components/dyte-settings-video,,,
https://docs.dyte.io/ui-kit/components/dyte-setup-screen,,,
https://docs.dyte.io/ui-kit/components/dyte-sidebar,,,
https://docs.dyte.io/ui-kit/components/dyte-simple-grid,,,
https://docs.dyte.io/ui-kit/components/dyte-spinner,,,
https://docs.dyte.io/ui-kit/components/dyte-spotlight-grid,,,
https://docs.dyte.io/ui-kit/components/dyte-stage,,,
https://docs.dyte.io/ui-kit/components/dyte-switch,,,
https://docs.dyte.io/ui-kit/components/dyte-text-field,,,
https://docs.dyte.io/ui-kit/components/dyte-text-message,,,
https://docs.dyte.io/ui-kit/components/dyte-tooltip,,,
https://docs.dyte.io/ui-kit/components/dyte-viewer-count,,,
https://docs.dyte.io/ui-kit/customizations/custom-iconpack,,,
https://docs.dyte.io/ui-kit/customizations/custom-locale,,,
https://docs.dyte.io/ui-kit/design-system,,,
https://docs.dyte.io/ui-kit/quickstart,,,
https://docs.dyte.io/ui-kit/reference,,,
https://docs.dyte.io/ui-kit/reference/classes/DyteNotificationsAudio,,,
https://docs.dyte.io/ui-kit/reference/interfaces/Notification,,,
https://docs.dyte.io/ui-kit/reference/interfaces/PollObject,,,
https://docs.dyte.io/ui-kit/reference/interfaces/States,,,
https://docs.dyte.io/ui-kit/reference/interfaces/UIConfig,,,
https://docs.dyte.io/ui-kit/reference/interfaces/UserPreferences,,,
https://docs.dyte.io/ui-kit/release-notes,,,
https://docs.dyte.io/web-core,,,
https://docs.dyte.io/web-core/chat/edit-chat-messages,,,
https://docs.dyte.io/web-core/chat/introduction,,,
https://docs.dyte.io/web-core/chat/other-chat-functions,,,
https://docs.dyte.io/web-core/chat/receiving-chat-messages,,,
https://docs.dyte.io/web-core/chat/sending-a-chat-message,,,
https://docs.dyte.io/web-core/error-codes/error-code,,,
https://docs.dyte.io/web-core/error-codes/error-code-zero-ten,,,
https://docs.dyte.io/web-core/Introduction,,,
https://docs.dyte.io/web-core/livestreaming,,,
https://docs.dyte.io/web-core/local-user/events,,,
https://docs.dyte.io/web-core/local-user/extras,,,
https://docs.dyte.io/web-core/local-user/introduction,,,
https://docs.dyte.io/web-core/local-user/manage-media-devices,,,
https://docs.dyte.io/web-core/local-user/media-permission-errors,,,
https://docs.dyte.io/web-core/participants,,,
https://docs.dyte.io/web-core/participants/events,,,
https://docs.dyte.io/web-core/participants/participant-object,,,
https://docs.dyte.io/web-core/participants/pip,,,
https://docs.dyte.io/web-core/plugins/disable-plugin,,,
https://docs.dyte.io/web-core/plugins/enable-plugin,,,
https://docs.dyte.io/web-core/plugins/extra,,,
https://docs.dyte.io/web-core/plugins/introduction,,,
https://docs.dyte.io/web-core/polls/creating-a-poll,,,
https://docs.dyte.io/web-core/polls/introduction,,,
https://docs.dyte.io/web-core/polls/other-poll-functions,,,
https://docs.dyte.io/web-core/polls/voting-on-a-poll,,,
https://docs.dyte.io/web-core/recording,,,
https://docs.dyte.io/web-core/reference/DyteAi,,,
https://docs.dyte.io/web-core/reference/DyteChat,,,
https://docs.dyte.io/web-core/reference/DyteClient,,,
https://docs.dyte.io/web-core/reference/DyteLivestream,,,
https://docs.dyte.io/web-core/reference/DyteMeta,,,
https://docs.dyte.io/web-core/reference/DyteParticipant,,,
https://docs.dyte.io/web-core/reference/DyteParticipantMap,,,
https://docs.dyte.io/web-core/reference/DyteParticipants,,,
https://docs.dyte.io/web-core/reference/DytePermissionsPreset,,,
https://docs.dyte.io/web-core/reference/DytePlugin,,,
https://docs.dyte.io/web-core/reference/DytePluginMap,,,
https://docs.dyte.io/web-core/reference/DytePlugins,,,
https://docs.dyte.io/web-core/reference/DytePolls,,,
https://docs.dyte.io/web-core/reference/DyteRecording,,,
https://docs.dyte.io/web-core/reference/DyteRemote,,,
https://docs.dyte.io/web-core/reference/DyteSelf,,,
https://docs.dyte.io/web-core/reference/DyteSelfMedia,,,
https://docs.dyte.io/web-core/reference/DyteStage,,,
https://docs.dyte.io/web-core/reference/DyteThemePreset,,,
https://docs.dyte.io/web-core/release-notes,,,
https://docs.dyte.io/web-core/room-metadata,,,
https://docs.dyte.io/web-core/stage,,,